{
    "metadata": {
        "run_id": "20260130_095815",
        "model": {
            "name": "customResNetUNet",
            "input_size": [
                3,
                128,
                128
            ],
            "param_count": 2963395,
            "feature_list": [
                18,
                36,
                72,
                144
            ],
            "backbone_model_name": "best_customResNet.pth",
            "backbone_layers_num": 4,
            "backbone_block_size": 2
        },
        "dataset": {
            "name": "moon-segmentation-binary",
            "img_size": [
                3,
                720,
                480
            ],
            "train_size": 800,
            "val_size": 200
        },
        "device": "cpu",
        "seed": 1991,
        "workers": 4,
        "batch_size": 100,
        "solver_type": "Adam"
    },
    "summary": {
        "best_val_dice": 0.40670646727085114,
        "best_epoch": 5,
        "final_train_dice": 0.39534207060933113,
        "final_val_dice": 0.40670646727085114
    },
    "train_log": [
        {
            "epoch": 1,
            "lr": 0.001,
            "train_loss": 0.7116374000906944,
            "train_dice": 0.24737914837896824,
            "train_iou": 0.1428793929517269,
            "train_accuracy": 0.7743758335709572,
            "val_loss": 0.7184748649597168,
            "val_dice": 0.3463616371154785,
            "val_iou": 0.20945439487695694,
            "val_accuracy": 0.8651943802833557
        },
        {
            "epoch": 2,
            "lr": 0.001,
            "train_loss": 0.6745485290884972,
            "train_dice": 0.32384228333830833,
            "train_iou": 0.1934885997325182,
            "train_accuracy": 0.7927761897444725,
            "val_loss": 0.6920924484729767,
            "val_dice": 0.3721669912338257,
            "val_iou": 0.22863150388002396,
            "val_accuracy": 0.7539602816104889
        },
        {
            "epoch": 3,
            "lr": 0.001,
            "train_loss": 0.6524008736014366,
            "train_dice": 0.3565215840935707,
            "train_iou": 0.21733975410461426,
            "train_accuracy": 0.8250634074211121,
            "val_loss": 0.7442399859428406,
            "val_dice": 0.2734312415122986,
            "val_iou": 0.1584458351135254,
            "val_accuracy": 0.5372082591056824
        },
        {
            "epoch": 4,
            "lr": 0.001,
            "train_loss": 0.6346624493598938,
            "train_dice": 0.37492532283067703,
            "train_iou": 0.23082735762000084,
            "train_accuracy": 0.8542980179190636,
            "val_loss": 0.7301035523414612,
            "val_dice": 0.34756244719028473,
            "val_iou": 0.2103356048464775,
            "val_accuracy": 0.6870654225349426
        },
        {
            "epoch": 5,
            "lr": 0.001,
            "train_loss": 0.6186530739068985,
            "train_dice": 0.39534207060933113,
            "train_iou": 0.2465937975794077,
            "train_accuracy": 0.8718871250748634,
            "val_loss": 0.6499849557876587,
            "val_dice": 0.40670646727085114,
            "val_iou": 0.2552669197320938,
            "val_accuracy": 0.7848599255084991
        }
    ]
}